Ndex,MS,Pokémon,Type,Type2
#460,,Abomasnow,Grass,Ice
#063,,Abra,Psychic,Psychic
#359,,Absol,Dark,Dark
#617,,Accelgor,Bug,Bug
#681,,Aegislash,Steel,Ghost
#142,,Aerodactyl,Rock,Flying
#306,,Aggron,Steel,Rock
#190,,Aipom,Normal,Normal
#065,,Alakazam,Psychic,Psychic
#594,,Alomomola,Water,Water
#334,,Altaria,Dragon,Flying
#698,,Amaura,Rock,Ice
#424,,Ambipom,Normal,Normal
#591,,Amoonguss,Grass,Poison
#181,,Ampharos,Electric,Electric
#347,,Anorith,Rock,Bug
#752,,Araquanid,Water,Bug
#024,,Arbok,Poison,Poison
#059,,Arcanine,Fire,Fire
#493,,Arceus,Normal,Normal
#566,,Archen,Rock,Flying
#567,,Archeops,Rock,Flying
#168,,Ariados,Bug,Poison
#348,,Armaldo,Rock,Bug
#683,,Aromatisse,Fairy,Fairy
#304,,Aron,Steel,Rock
#144,,Articuno,Ice,Flying
#531,,Audino,Normal,Normal
#699,,Aurorus,Rock,Ice
#713,,Avalugg,Ice,Ice
#610,,Axew,Dragon,Dragon
#482,,Azelf,Psychic,Psychic
#184,,Azumarill,Water,Fairy
#298,,Azurill,Normal,Fairy
#331,,Cacnea,Grass,Grass
#332,,Cacturne,Grass,Dark
#323,,Camerupt,Fire,Ground
#703,,Carbink,Rock,Fairy
#455,,Carnivine,Grass,Grass
#565,,Carracosta,Water,Rock
#318,,Carvanha,Water,Dark
#268,,Cascoon,Bug,Bug
#351,,Castform,Normal,Normal
#010,,Caterpie,Bug,Bug
#251,,Celebi,Psychic,Grass
#797,,Celesteela,Steel,Flying
#609,,Chandelure,Ghost,Fire
#113,,Chansey,Normal,Normal
#006,,Charizard,Fire,Flying
#737,,Charjabug,Bug,Electric
#004,,Charmander,Fire,Fire
#005,,Charmeleon,Fire,Fire
#441,,Chatot,Normal,Flying
#421,,Cherrim,Grass,Grass
#420,,Cherubi,Grass,Grass
#652,,Chesnaught,Grass,Fighting
#650,,Chespin,Grass,Grass
#152,,Chikorita,Grass,Grass
#390,,Chimchar,Fire,Fire
#358,,Chimecho,Psychic,Psychic
#170,,Chinchou,Water,Electric
#433,,Chingling,Psychic,Psychic
#573,,Cinccino,Normal,Normal
#366,,Clamperl,Water,Water
#692,,Clauncher,Water,Water
#693,,Clawitzer,Water,Water
#344,,Claydol,Ground,Psychic
#036,,Clefable,Fairy,Fairy
#035,,Clefairy,Fairy,Fairy
#173,,Cleffa,Fairy,Fairy
#091,,Cloyster,Water,Ice
#638,,Cobalion,Steel,Fighting
#563,,Cofagrigus,Ghost,Ghost
#415,,Combee,Bug,Flying
#256,,Combusken,Fire,Fighting
#764,,Comfey,Fairy,Fairy
#534,,Conkeldurr,Fighting,Fighting
#341,,Corphish,Water,Water
#222,,Corsola,Water,Rock
#790,,Cosmoem,Psychic,Psychic
#789,,Cosmog,Psychic,Psychic
#546,,Cottonee,Grass,Fairy
#740,,Crabominable,Fighting,Ice
#739,,Crabrawler,Fighting,Fighting
#346,,Cradily,Rock,Grass
#408,,Cranidos,Rock,Rock
#342,,Crawdaunt,Water,Dark
#488,,Cresselia,Psychic,Psychic
#453,,Croagunk,Poison,Fighting
#169,,Crobat,Poison,Flying
#159,,Croconaw,Water,Water
#558,,Crustle,Bug,Rock
#615,,Cryogonal,Ice,Ice
#613,,Cubchoo,Ice,Ice
#104,,Cubone,Ground,Ground
#742,,Cutiefly,Bug,Fairy
#155,,Cyndaquil,Fire,Fire
#491,,Darkrai,Dark,Dark
#555,,Darmanitan,Fire,Fire
#723,,Dartrix,Grass,Flying
#554,,Darumaka,Fire,Fire
#724,,Decidueye,Grass,Ghost
#702,,Dedenne,Electric,Fairy
#585,,Deerling,Normal,Grass
#633,,Deino,Dark,Dragon
#301,,Delcatty,Normal,Normal
#225,,Delibird,Ice,Flying
#655,,Delphox,Fire,Psychic
#386,,Deoxys,Psychic,Psychic
#087,,Dewgong,Water,Ice
#502,,Dewott,Water,Water
#751,,Dewpider,Water,Bug
#781,,Dhelmise,Ghost,Grass
#483,,Dialga,Steel,Dragon
#719,,Diancie,Rock,Fairy
#660,,Diggersby,Normal,Ground
#050,,Diglett,Ground,Ground
#132,,Ditto,Normal,Normal
#085,,Dodrio,Normal,Flying
#084,,Doduo,Normal,Flying
#232,,Donphan,Ground,Ground
#680,,Doublade,Steel,Ghost
#691,,Dragalge,Poison,Dragon
#148,,Dragonair,Dragon,Dragon
#149,,Dragonite,Dragon,Flying
#780,,Drampa,Normal,Dragon
#452,,Drapion,Poison,Dark
#147,,Dratini,Dragon,Dragon
#426,,Drifblim,Ghost,Flying
#425,,Drifloon,Ghost,Flying
#529,,Drilbur,Ground,Ground
#096,,Drowzee,Psychic,Psychic
#621,,Druddigon,Dragon,Dragon
#580,,Ducklett,Water,Flying
#051,,Dugtrio,Ground,Ground
#206,,Dunsparce,Normal,Normal
#578,,Duosion,Psychic,Psychic
#632,,Durant,Bug,Steel
#356,,Dusclops,Ghost,Ghost
#477,,Dusknoir,Ghost,Ghost
#355,,Duskull,Ghost,Ghost
#269,,Dustox,Bug,Poison
#557,,Dwebble,Bug,Rock
#371,,Bagon,Dragon,Dragon
#343,,Baltoy,Ground,Psychic
#354,,Banette,Ghost,Ghost
#689,,Barbaracle,Rock,Water
#339,,Barboach,Water,Ground
#550,,Basculin,Water,Water
#411,,Bastiodon,Rock,Steel
#153,,Bayleef,Grass,Grass
#614,,Beartic,Ice,Ice
#267,,Beautifly,Bug,Flying
#015,,Beedrill,Bug,Poison
#606,,Beheeyem,Psychic,Psychic
#374,,Beldum,Steel,Psychic
#182,,Bellossom,Grass,Grass
#069,,Bellsprout,Grass,Poison
#712,,Bergmite,Ice,Ice
#760,,Bewear,Normal,Fighting
#400,,Bibarel,Normal,Water
#399,,Bidoof,Normal,Normal
#688,,Binacle,Rock,Water
#625,,Bisharp,Dark,Steel
#806,,Blacephalon,Fire,Ghost
#009,,Blastoise,Water,Water
#257,,Blaziken,Fire,Fighting
#242,,Blissey,Normal,Normal
#522,,Blitzle,Electric,Electric
#525,,Boldore,Rock,Rock
#438,,Bonsly,Rock,Rock
#626,,Bouffalant,Normal,Normal
#761,,Bounsweet,Grass,Grass
#654,,Braixen,Fire,Fire
#628,,Braviary,Normal,Flying
#286,,Breloom,Grass,Fighting
#729,,Brionne,Water,Water
#437,,Bronzong,Steel,Psychic
#436,,Bronzor,Steel,Psychic
#779,,Bruxish,Water,Psychic
#406,,Budew,Grass,Poison
#418,,Buizel,Water,Water
#001,,Bulbasaur,Grass,Poison
#427,,Buneary,Normal,Normal
#659,,Bunnelby,Normal,Normal
#412,,Burmy,Bug,Bug
#012,,Butterfree,Bug,Flying
#794,,Buzzwole,Bug,Fighting
#603,,Eelektrik,Electric,Electric
#604,,Eelektross,Electric,Electric
#133,,Eevee,Normal,Normal
#023,,Ekans,Poison,Poison
#125,,Electabuzz,Electric,Electric
#466,,Electivire,Electric,Electric
#309,,Electrike,Electric,Electric
#101,,Electrode,Electric,Electric
#239,,Elekid,Electric,Electric
#605,,Elgyem,Psychic,Psychic
#500,,Emboar,Fire,Fighting
#587,,Emolga,Electric,Flying
#395,,Empoleon,Water,Steel
#244,,Entei,Fire,Fire
#589,,Escavalier,Bug,Steel
#196,,Espeon,Psychic,Psychic
#677,,Espurr,Psychic,Psychic
#530,,Excadrill,Ground,Steel
#102,,Exeggcute,Grass,Psychic
#103,,Exeggutor,Grass,Psychic
#295,,Exploud,Normal,Normal
#083,,Farfetch'd,Normal,Flying
#022,,Fearow,Normal,Flying
#349,,Feebas,Water,Water
#653,,Fennekin,Fire,Fire
#160,,Feraligatr,Water,Water
#597,,Ferroseed,Grass,Steel
#598,,Ferrothorn,Grass,Steel
#456,,Finneon,Water,Water
#180,,Flaaffy,Electric,Electric
#669,,Flabébé,Fairy,Fairy
#136,,Flareon,Fire,Fire
#662,,Fletchinder,Fire,Flying
#661,,Fletchling,Normal,Flying
#419,,Floatzel,Water,Water
#670,,Floette,Fairy,Fairy
#671,,Florges,Fairy,Fairy
#330,,Flygon,Ground,Dragon
#753,,Fomantis,Grass,Grass
#590,,Foongus,Grass,Poison
#205,,Forretress,Bug,Steel
#611,,Fraxure,Dragon,Dragon
#592,,Frillish,Water,Ghost
#656,,Froakie,Water,Water
#657,,Frogadier,Water,Water
#478,,Froslass,Ice,Ghost
#676,,Furfrou,Normal,Normal
#162,,Furret,Normal,Normal
#444,,Gabite,Dragon,Ground
#475,,Gallade,Psychic,Fighting
#596,,Galvantula,Bug,Electric
#569,,Garbodor,Poison,Poison
#445,,Garchomp,Dragon,Ground
#282,,Gardevoir,Psychic,Fairy
#092,,Gastly,Ghost,Poison
#423,,Gastrodon,Water,Ground
#649,,Genesect,Bug,Steel
#094,,Gengar,Ghost,Poison
#074,,Geodude,Rock,Ground
#443,,Gible,Dragon,Ground
#526,,Gigalith,Rock,Rock
#203,,Girafarig,Normal,Psychic
#487,,Giratina,Ghost,Dragon
#471,,Glaceon,Ice,Ice
#362,,Glalie,Ice,Ice
#431,,Glameow,Normal,Normal
#207,,Gligar,Ground,Flying
#472,,Gliscor,Ground,Flying
#044,,Gloom,Grass,Poison
#673,,Gogoat,Grass,Grass
#042,,Golbat,Poison,Flying
#118,,Goldeen,Water,Water
#055,,Golduck,Water,Water
#076,,Golem,Rock,Ground
#622,,Golett,Ground,Ghost
#768,,Golisopod,Bug,Water
#623,,Golurk,Ground,Ghost
#706,,Goodra,Dragon,Dragon
#704,,Goomy,Dragon,Dragon
#368,,Gorebyss,Water,Water
#574,,Gothita,Psychic,Psychic
#576,,Gothitelle,Psychic,Psychic
#575,,Gothorita,Psychic,Psychic
#711,,Gourgeist,Ghost,Grass
#210,,Granbull,Fairy,Fairy
#075,,Graveler,Rock,Ground
#658,,Greninja,Water,Dark
#088,,Grimer,Poison,Poison
#388,,Grotle,Grass,Grass
#383,,Groudon,Ground,Ground
#253,,Grovyle,Grass,Grass
#058,,Growlithe,Fire,Fire
#736,,Grubbin,Bug,Bug
#326,,Grumpig,Psychic,Psychic
#316,,Gulpin,Poison,Poison
#735,,Gumshoos,Normal,Normal
#533,,Gurdurr,Fighting,Fighting
#799,,Guzzlord,Dark,Dragon
#130,,Gyarados,Water,Flying
#783,,Hakamo-o,Dragon,Fighting
#440,,Happiny,Normal,Normal
#297,,Hariyama,Fighting,Fighting
#093,,Haunter,Ghost,Poison
#701,,Hawlucha,Fighting,Flying
#612,,Haxorus,Dragon,Dragon
#631,,Heatmor,Fire,Fire
#485,,Heatran,Fire,Steel
#695,,Heliolisk,Electric,Normal
#694,,Helioptile,Electric,Normal
#214,,Heracross,Bug,Fighting
#507,,Herdier,Normal,Normal
#449,,Hippopotas,Ground,Ground
#450,,Hippowdon,Ground,Ground
#107,,Hitmonchan,Fighting,Fighting
#106,,Hitmonlee,Fighting,Fighting
#237,,Hitmontop,Fighting,Fighting
#250,,Ho-Oh,Fire,Flying
#430,,Honchkrow,Dark,Flying
#679,,Honedge,Steel,Ghost
#720,,Hoopa,Psychic,Ghost
#163,,Hoothoot,Normal,Flying
#187,,Hoppip,Grass,Flying
#116,,Horsea,Water,Water
#229,,Houndoom,Dark,Fire
#228,,Houndour,Dark,Fire
#367,,Huntail,Water,Water
#635,,Hydreigon,Dark,Dragon
#097,,Hypno,Psychic,Psychic
#174,,Igglybuff,Normal,Fairy
#314,,Illumise,Bug,Bug
#727,,Incineroar,Fire,Dark
#392,,Infernape,Fire,Fighting
#686,,Inkay,Dark,Psychic
#002,,Ivysaur,Grass,Poison
#782,,Jangmo-o,Dragon,Dragon
#593,,Jellicent,Water,Ghost
#039,,Jigglypuff,Normal,Fairy
#385,,Jirachi,Steel,Psychic
#135,,Jolteon,Electric,Electric
#595,,Joltik,Bug,Electric
#189,,Jumpluff,Grass,Flying
#124,,Jynx,Ice,Psychic
#140,,Kabuto,Rock,Water
#141,,Kabutops,Rock,Water
#064,,Kadabra,Psychic,Psychic
#014,,Kakuna,Bug,Poison
#115,,Kangaskhan,Normal,Normal
#588,,Karrablast,Bug,Bug
#798,,Kartana,Grass,Steel
#352,,Kecleon,Normal,Normal
#647,,Keldeo,Water,Fighting
#230,,Kingdra,Water,Dragon
#099,,Kingler,Water,Water
#281,,Kirlia,Psychic,Fairy
#600,,Klang,Steel,Steel
#707,,Klefki,Steel,Fairy
#599,,Klink,Steel,Steel
#601,,Klinklang,Steel,Steel
#109,,Koffing,Poison,Poison
#775,,Komala,Normal,Normal
#784,,Kommo-o,Dragon,Fighting
#098,,Krabby,Water,Water
#401,,Kricketot,Bug,Bug
#402,,Kricketune,Bug,Bug
#552,,Krokorok,Ground,Dark
#553,,Krookodile,Ground,Dark
#382,,Kyogre,Water,Water
#646,,Kyurem,Dragon,Ice
#305,,Lairon,Steel,Rock
#608,,Lampent,Ghost,Fire
#645,,Landorus,Ground,Flying
#171,,Lanturn,Water,Electric
#131,,Lapras,Water,Ice
#636,,Larvesta,Bug,Fire
#246,,Larvitar,Rock,Ground
#380,,Latias,Dragon,Psychic
#381,,Latios,Dragon,Psychic
#470,,Leafeon,Grass,Grass
#542,,Leavanny,Bug,Grass
#166,,Ledian,Bug,Flying
#165,,Ledyba,Bug,Flying
#463,,Lickilicky,Normal,Normal
#108,,Lickitung,Normal,Normal
#510,,Liepard,Dark,Dark
#345,,Lileep,Rock,Grass
#549,,Lilligant,Grass,Grass
#506,,Lillipup,Normal,Normal
#264,,Linoone,Normal,Normal
#667,,Litleo,Fire,Normal
#725,,Litten,Fire,Fire
#607,,Litwick,Ghost,Fire
#271,,Lombre,Water,Grass
#428,,Lopunny,Normal,Normal
#270,,Lotad,Water,Grass
#294,,Loudred,Normal,Normal
#448,,Lucario,Fighting,Steel
#272,,Ludicolo,Water,Grass
#249,,Lugia,Psychic,Flying
#457,,Lumineon,Water,Water
#792,,Lunala,Psychic,Ghost
#337,,Lunatone,Rock,Psychic
#754,,Lurantis,Grass,Grass
#370,,Luvdisc,Water,Water
#404,,Luxio,Electric,Electric
#405,,Luxray,Electric,Electric
#745,,Lycanroc,Rock,Rock
#068,,Machamp,Fighting,Fighting
#067,,Machoke,Fighting,Fighting
#066,,Machop,Fighting,Fighting
#240,,Magby,Fire,Fire
#219,,Magcargo,Fire,Rock
#801,,Magearna,Steel,Fairy
#129,,Magikarp,Water,Water
#126,,Magmar,Fire,Fire
#467,,Magmortar,Fire,Fire
#081,,Magnemite,Electric,Steel
#082,,Magneton,Electric,Steel
#462,,Magnezone,Electric,Steel
#296,,Makuhita,Fighting,Fighting
#687,,Malamar,Dark,Psychic
#473,,Mamoswine,Ice,Ground
#490,,Manaphy,Water,Water
#630,,Mandibuzz,Dark,Flying
#310,,Manectric,Electric,Electric
#056,,Mankey,Fighting,Fighting
#226,,Mantine,Water,Flying
#458,,Mantyke,Water,Flying
#556,,Maractus,Grass,Grass
#747,,Mareanie,Poison,Water
#179,,Mareep,Electric,Electric
#183,,Marill,Water,Fairy
#105,,Marowak,Ground,Ground
#802,,Marshadow,Fighting,Ghost
#259,,Marshtomp,Water,Ground
#284,,Masquerain,Bug,Flying
#303,,Mawile,Steel,Fairy
#308,,Medicham,Fighting,Psychic
#307,,Meditite,Fighting,Psychic
#154,,Meganium,Grass,Grass
#648,,Meloetta,Normal,Psychic
#678,,Meowstic,Psychic,Psychic
#052,,Meowth,Normal,Normal
#481,,Mesprit,Psychic,Psychic
#376,,Metagross,Steel,Psychic
#375,,Metang,Steel,Psychic
#011,,Metapod,Bug,Bug
#151,,Mew,Psychic,Psychic
#150,,Mewtwo,Psychic,Psychic
#619,,Mienfoo,Fighting,Fighting
#620,,Mienshao,Fighting,Fighting
#262,,Mightyena,Dark,Dark
#350,,Milotic,Water,Water
#241,,Miltank,Normal,Normal
#439,,Mime Jr.,Psychic,Fairy
#778,,Mimikyu,Ghost,Fairy
#572,,Minccino,Normal,Normal
#774,,Minior,Rock,Flying
#312,,Minun,Electric,Electric
#200,,Misdreavus,Ghost,Ghost
#429,,Mismagius,Ghost,Ghost
#146,,Moltres,Fire,Flying
#391,,Monferno,Fire,Fighting
#755,,Morelull,Grass,Fairy
#414,,Mothim,Bug,Flying
#122,,Mr. Mime,Psychic,Fairy
#749,,Mudbray,Ground,Ground
#258,,Mudkip,Water,Water
#750,,Mudsdale,Ground,Ground
#089,,Muk,Poison,Poison
#446,,Munchlax,Normal,Normal
#517,,Munna,Psychic,Psychic
#198,,Murkrow,Dark,Flying
#518,,Musharna,Psychic,Psychic
#804,,Naganadel,Poison,Dragon
#177,,Natu,Psychic,Flying
#800,,Necrozma,Psychic,Psychic
#034,,Nidoking,Poison,Ground
#031,,Nidoqueen,Poison,Ground
#029,,Nidoran♀,Poison,Poison
#032,,Nidoran♂,Poison,Poison
#030,,Nidorina,Poison,Poison
#033,,Nidorino,Poison,Poison
#793,,Nihilego,Rock,Poison
#290,,Nincada,Bug,Ground
#038,,Ninetales,Fire,Fire
#291,,Ninjask,Bug,Flying
#164,,Noctowl,Normal,Flying
#714,,Noibat,Flying,Dragon
#715,,Noivern,Flying,Dragon
#299,,Nosepass,Rock,Rock
#322,,Numel,Fire,Ground
#274,,Nuzleaf,Grass,Dark
#224,,Octillery,Water,Water
#043,,Oddish,Grass,Poison
#138,,Omanyte,Rock,Water
#139,,Omastar,Rock,Water
#095,,Onix,Rock,Ground
#765,,Oranguru,Normal,Psychic
#741,,Oricorio,Fire,Flying
#501,,Oshawott,Water,Water
#417,,Pachirisu,Electric,Electric
#484,,Palkia,Water,Dragon
#770,,Palossand,Ghost,Ground
#536,,Palpitoad,Water,Ground
#674,,Pancham,Fighting,Fighting
#675,,Pangoro,Fighting,Dark
#515,,Panpour,Water,Water
#511,,Pansage,Grass,Grass
#513,,Pansear,Fire,Fire
#046,,Paras,Bug,Grass
#047,,Parasect,Bug,Grass
#766,,Passimian,Fighting,Fighting
#504,,Patrat,Normal,Normal
#624,,Pawniard,Dark,Steel
#279,,Pelipper,Water,Flying
#053,,Persian,Normal,Normal
#548,,Petilil,Grass,Grass
#231,,Phanpy,Ground,Ground
#708,,Phantump,Ghost,Grass
#795,,Pheromosa,Bug,Fighting
#489,,Phione,Water,Water
#172,,Pichu,Electric,Electric
#018,,Pidgeot,Normal,Flying
#017,,Pidgeotto,Normal,Flying
#016,,Pidgey,Normal,Flying
#519,,Pidove,Normal,Flying
#499,,Pignite,Fire,Fighting
#025,,Pikachu,Electric,Electric
#731,,Pikipek,Normal,Flying
#221,,Piloswine,Ice,Ground
#204,,Pineco,Bug,Bug
#127,,Pinsir,Bug,Bug
#393,,Piplup,Water,Water
#311,,Plusle,Electric,Electric
#803,,Poipole,Poison,Poison
#186,,Politoed,Water,Water
#060,,Poliwag,Water,Water
#061,,Poliwhirl,Water,Water
#062,,Poliwrath,Water,Fighting
#077,,Ponyta,Fire,Fire
#261,,Poochyena,Dark,Dark
#728,,Popplio,Water,Water
#137,,Porygon,Normal,Normal
#233,,Porygon2,Normal,Normal
#474,,Porygon-Z,Normal,Normal
#730,,Primarina,Water,Fairy
#057,,Primeape,Fighting,Fighting
#394,,Prinplup,Water,Water
#476,,Probopass,Rock,Steel
#054,,Psyduck,Water,Water
#710,,Pumpkaboo,Ghost,Grass
#247,,Pupitar,Rock,Ground
#509,,Purrloin,Dark,Dark
#432,,Purugly,Normal,Normal
#668,,Pyroar,Fire,Normal
#771,,Pyukumuku,Water,Water
#195,,Quagsire,Water,Ground
#156,,Quilava,Fire,Fire
#651,,Quilladin,Grass,Grass
#211,,Qwilfish,Water,Poison
#026,,Raichu,Electric,Electric
#243,,Raikou,Electric,Electric
#280,,Ralts,Psychic,Fairy
#409,,Rampardos,Rock,Rock
#078,,Rapidash,Fire,Fire
#020,,Raticate,Normal,Normal
#019,,Rattata,Normal,Normal
#384,,Rayquaza,Dragon,Flying
#378,,Regice,Ice,Ice
#486,,Regigigas,Normal,Normal
#377,,Regirock,Rock,Rock
#379,,Registeel,Steel,Steel
#369,,Relicanth,Water,Rock
#223,,Remoraid,Water,Water
#643,,Reshiram,Dragon,Fire
#579,,Reuniclus,Psychic,Psychic
#112,,Rhydon,Ground,Rock
#111,,Rhyhorn,Ground,Rock
#464,,Rhyperior,Ground,Rock
#743,,Ribombee,Bug,Fairy
#447,,Riolu,Fighting,Fighting
#744,,Rockruff,Rock,Rock
#524,,Roggenrola,Rock,Rock
#315,,Roselia,Grass,Poison
#407,,Roserade,Grass,Poison
#479,,Rotom,Electric,Ghost
#722,,Rowlet,Grass,Flying
#627,,Rufflet,Normal,Flying
#302,,Sableye,Dark,Ghost
#373,,Salamence,Dragon,Flying
#757,,Salandit,Poison,Fire
#758,,Salazzle,Poison,Fire
#503,,Samurott,Water,Water
#551,,Sandile,Ground,Dark
#027,,Sandshrew,Ground,Ground
#028,,Sandslash,Ground,Ground
#769,,Sandygast,Ghost,Ground
#539,,Sawk,Fighting,Fighting
#586,,Sawsbuck,Normal,Grass
#664,,Scatterbug,Bug,Bug
#254,,Sceptile,Grass,Grass
#212,,Scizor,Bug,Steel
#545,,Scolipede,Bug,Poison
#560,,Scrafty,Dark,Fighting
#559,,Scraggy,Dark,Fighting
#123,,Scyther,Bug,Flying
#117,,Seadra,Water,Water
#119,,Seaking,Water,Water
#364,,Sealeo,Ice,Water
#273,,Seedot,Grass,Grass
#086,,Seel,Water,Water
#537,,Seismitoad,Water,Ground
#161,,Sentret,Normal,Normal
#497,,Serperior,Grass,Grass
#496,,Servine,Grass,Grass
#336,,Seviper,Poison,Poison
#540,,Sewaddle,Bug,Grass
#319,,Sharpedo,Water,Dark
#492,,Shaymin,Grass,Grass
#292,,Shedinja,Bug,Ghost
#372,,Shelgon,Dragon,Dragon
#090,,Shellder,Water,Water
#422,,Shellos,Water,Water
#616,,Shelmet,Bug,Bug
#410,,Shieldon,Rock,Steel
#275,,Shiftry,Grass,Dark
#756,,Shiinotic,Grass,Fairy
#403,,Shinx,Electric,Electric
#285,,Shroomish,Grass,Grass
#213,,Shuckle,Bug,Rock
#353,,Shuppet,Ghost,Ghost
#561,,Sigilyph,Psychic,Flying
#266,,Silcoon,Bug,Bug
#773,,Silvally,Normal,Normal
#516,,Simipour,Water,Water
#512,,Simisage,Grass,Grass
#514,,Simisear,Fire,Fire
#227,,Skarmory,Steel,Flying
#672,,Skiddo,Grass,Grass
#188,,Skiploom,Grass,Flying
#300,,Skitty,Normal,Normal
#451,,Skorupi,Poison,Bug
#690,,Skrelp,Poison,Water
#435,,Skuntank,Poison,Dark
#289,,Slaking,Normal,Normal
#287,,Slakoth,Normal,Normal
#705,,Sliggoo,Dragon,Dragon
#080,,Slowbro,Water,Psychic
#199,,Slowking,Water,Psychic
#079,,Slowpoke,Water,Psychic
#218,,Slugma,Fire,Fire
#685,,Slurpuff,Fairy,Fairy
#235,,Smeargle,Normal,Normal
#238,,Smoochum,Ice,Psychic
#215,,Sneasel,Dark,Ice
#495,,Snivy,Grass,Grass
#143,,Snorlax,Normal,Normal
#361,,Snorunt,Ice,Ice
#459,,Snover,Grass,Ice
#209,,Snubbull,Fairy,Fairy
#791,,Solgaleo,Psychic,Steel
#577,,Solosis,Psychic,Psychic
#338,,Solrock,Rock,Psychic
#021,,Spearow,Normal,Flying
#665,,Spewpa,Bug,Bug
#363,,Spheal,Ice,Water
#167,,Spinarak,Bug,Poison
#327,,Spinda,Normal,Normal
#442,,Spiritomb,Ghost,Dark
#325,,Spoink,Psychic,Psychic
#682,,Spritzee,Fairy,Fairy
#007,,Squirtle,Water,Water
#805,,Stakataka,Rock,Steel
#234,,Stantler,Normal,Normal
#398,,Staraptor,Normal,Flying
#397,,Staravia,Normal,Flying
#396,,Starly,Normal,Flying
#121,,Starmie,Water,Psychic
#120,,Staryu,Water,Water
#208,,Steelix,Steel,Ground
#762,,Steenee,Grass,Grass
#508,,Stoutland,Normal,Normal
#759,,Stufful,Normal,Fighting
#618,,Stunfisk,Ground,Electric
#434,,Stunky,Poison,Dark
#185,,Sudowoodo,Rock,Rock
#245,,Suicune,Water,Water
#192,,Sunflora,Grass,Grass
#191,,Sunkern,Grass,Grass
#283,,Surskit,Bug,Water
#333,,Swablu,Normal,Flying
#541,,Swadloon,Bug,Grass
#317,,Swalot,Poison,Poison
#260,,Swampert,Water,Ground
#581,,Swanna,Water,Flying
#277,,Swellow,Normal,Flying
#220,,Swinub,Ice,Ground
#684,,Swirlix,Fairy,Fairy
#528,,Swoobat,Psychic,Flying
#700,,Sylveon,Fairy,Fairy
#276,,Taillow,Normal,Flying
#663,,Talonflame,Fire,Flying
#114,,Tangela,Grass,Grass
#465,,Tangrowth,Grass,Grass
#787,,Tapu Bulu,Grass,Fairy
#788,,Tapu Fini,Water,Fairy
#785,,Tapu Koko,Electric,Fairy
#786,,Tapu Lele,Psychic,Fairy
#128,,Tauros,Normal,Normal
#216,,Teddiursa,Normal,Normal
#072,,Tentacool,Water,Poison
#073,,Tentacruel,Water,Poison
#498,,Tepig,Fire,Fire
#639,,Terrakion,Rock,Fighting
#538,,Throh,Fighting,Fighting
#642,,Thundurus,Electric,Flying
#532,,Timburr,Fighting,Fighting
#564,,Tirtouga,Water,Rock
#777,,Togedemaru,Electric,Steel
#468,,Togekiss,Fairy,Flying
#175,,Togepi,Fairy,Fairy
#176,,Togetic,Fairy,Flying
#255,,Torchic,Fire,Fire
#324,,Torkoal,Fire,Fire
#641,,Tornadus,Flying,Flying
#726,,Torracat,Fire,Fire
#389,,Torterra,Grass,Ground
#158,,Totodile,Water,Water
#733,,Toucannon,Normal,Flying
#748,,Toxapex,Poison,Water
#454,,Toxicroak,Poison,Fighting
#520,,Tranquill,Normal,Flying
#328,,Trapinch,Ground,Ground
#252,,Treecko,Grass,Grass
#709,,Trevenant,Ghost,Grass
#357,,Tropius,Grass,Flying
#568,,Trubbish,Poison,Poison
#732,,Trumbeak,Normal,Flying
#763,,Tsareena,Grass,Grass
#776,,Turtonator,Fire,Dragon
#387,,Turtwig,Grass,Grass
#535,,Tympole,Water,Water
#602,,Tynamo,Electric,Electric
#772,,Type: Null,Normal,Normal
#157,,Typhlosion,Fire,Fire
#248,,Tyranitar,Rock,Dark
#697,,Tyrantrum,Rock,Dragon
#236,,Tyrogue,Fighting,Fighting
#696,,Tyrunt,Rock,Dragon
#197,,Umbreon,Dark,Dark
#521,,Unfezant,Normal,Flying
#201,,Unown,Psychic,Psychic
#217,,Ursaring,Normal,Normal
#480,,Uxie,Psychic,Psychic
#583,,Vanillish,Ice,Ice
#582,,Vanillite,Ice,Ice
#584,,Vanilluxe,Ice,Ice
#134,,Vaporeon,Water,Water
#543,,Venipede,Bug,Poison
#049,,Venomoth,Bug,Poison
#048,,Venonat,Bug,Poison
#003,,Venusaur,Grass,Poison
#416,,Vespiquen,Bug,Flying
#329,,Vibrava,Ground,Dragon
#494,,Victini,Psychic,Fire
#071,,Victreebel,Grass,Poison
#288,,Vigoroth,Normal,Normal
#738,,Vikavolt,Bug,Electric
#045,,Vileplume,Grass,Poison
#640,,Virizion,Grass,Fighting
#666,,Vivillon,Bug,Flying
#313,,Volbeat,Bug,Bug
#721,,Volcanion,Fire,Water
#637,,Volcarona,Bug,Fire
#100,,Voltorb,Electric,Electric
#629,,Vullaby,Dark,Flying
#037,,Vulpix,Fire,Fire
#320,,Wailmer,Water,Water
#321,,Wailord,Water,Water
#365,,Walrein,Ice,Water
#008,,Wartortle,Water,Water
#505,,Watchog,Normal,Normal
#461,,Weavile,Dark,Ice
#013,,Weedle,Bug,Poison
#070,,Weepinbell,Grass,Poison
#110,,Weezing,Poison,Poison
#547,,Whimsicott,Grass,Fairy
#544,,Whirlipede,Bug,Poison
#340,,Whiscash,Water,Ground
#293,,Whismur,Normal,Normal
#040,,Wigglytuff,Normal,Fairy
#767,,Wimpod,Bug,Water
#278,,Wingull,Water,Flying
#746,,Wishiwashi,Water,Water
#202,,Wobbuffet,Psychic,Psychic
#527,,Woobat,Psychic,Flying
#194,,Wooper,Water,Ground
#413,,Wormadam,Bug,Grass
#413,,Wormadam,Bug,Ground
#413,,Wormadam,Bug,Steel
#265,,Wurmple,Bug,Bug
#360,,Wynaut,Psychic,Psychic
#178,,Xatu,Psychic,Flying
#716,,Xerneas,Fairy,Fairy
#796,,Xurkitree,Electric,Electric
#562,,Yamask,Ghost,Ghost
#193,,Yanma,Bug,Flying
#469,,Yanmega,Bug,Flying
#734,,Yungoos,Normal,Normal
#717,,Yveltal,Dark,Flying
#335,,Zangoose,Normal,Normal
#145,,Zapdos,Electric,Flying
#523,,Zebstrika,Electric,Electric
#644,,Zekrom,Dragon,Electric
#807,,Zeraora,Electric,Electric
#263,,Zigzagoon,Normal,Normal
#571,,Zoroark,Dark,Dark
#570,,Zorua,Dark,Dark
#041,,Zubat,Poison,Flying
#634,,Zweilous,Dark,Dragon
#718,,Zygarde,Dragon,Ground
